"","Config 1","Config 2"
"146",11104136.4335761,728541.412761056
"134",9567242.38981255,493578.865969712
