execution_time,runway_id,model_id
0.051134490966796876,1,4
0.04201534589131673,2,4
0.04181402524312337,3,4
